id_transaksi,tanggal_scraping,kota,nama_skpd,kecamatan,jenis_belanja,nama_kegiatan,pagu_anggaran,realisasi,selisih,persentase_realisasi,tahun_anggaran,sumber_data,status
APBD-SURABAYA-2025-0001,2026-06-18 21:42:02,Surabaya,Dinas Perhubungan,Rungkut,Belanja Pegawai,Pembangunan Drainase,2796317213,4760820236,1964503023,170.25,2025,Simulasi SIPD Surabaya 2025,ANOMALI
APBD-SURABAYA-2025-0002,2026-06-18 21:42:02,Surabaya,Dinas Perhubungan,Wonokromo,Belanja Hibah,Pengadaan Peralatan Medis,4718366722,2894287427,-1824079295,61.34,2025,Simulasi SIPD Surabaya 2025,NORMAL
APBD-SURABAYA-2025-0003,2026-06-18 21:42:02,Surabaya,Dinas Kependudukan,Mulyorejo,Belanja Barang & Jasa,Studi Banding ke Luar Daerah,4458938419,3979370660,-479567759,89.24,2025,Simulasi SIPD Surabaya 2025,NORMAL
APBD-SURABAYA-2025-0004,2026-06-18 21:42:02,Surabaya,Dinas PU Bina Marga,Mulyorejo,Belanja Modal,Pengadaan Kendaraan Dinas,2580876844,1556073730,-1024803114,60.29,2025,Simulasi SIPD Surabaya 2025,NORMAL
APBD-SURABAYA-2025-0005,2026-06-18 21:42:02,Surabaya,Dinas Kesehatan,Mulyorejo,Belanja Pegawai,Pelatihan SDM Aparatur,717779376,539387905,-178391471,75.15,2025,Simulasi SIPD Surabaya 2025,NORMAL
APBD-SURABAYA-2025-0006,2026-06-18 21:42:02,Surabaya,Sekretariat Daerah,Kenjeran,Belanja Pegawai,Pengadaan Seragam Pegawai,3689960595,3554198542,-135762053,96.32,2025,Simulasi SIPD Surabaya 2025,NORMAL
APBD-SURABAYA-2025-0007,2026-06-18 21:42:02,Surabaya,BPBD,Semampir,Belanja Barang & Jasa,Perjalanan Dinas Luar Negeri,4683411560,4134927442,-548484118,88.29,2025,Simulasi SIPD Surabaya 2025,NORMAL
APBD-SURABAYA-2025-0008,2026-06-18 21:42:02,Surabaya,Dinas Kesehatan,Wonokromo,Belanja Pegawai,Pengadaan Seragam Pegawai,4541781529,3316520525,-1225261004,73.02,2025,Simulasi SIPD Surabaya 2025,NORMAL
APBD-SURABAYA-2025-0009,2026-06-18 21:42:02,Surabaya,BPBD,Sukolilo,Belanja Barang & Jasa,Pengadaan Kendaraan Dinas,1243887545,950547118,-293340427,76.42,2025,Simulasi SIPD Surabaya 2025,NORMAL
APBD-SURABAYA-2025-0010,2026-06-18 21:42:02,Surabaya,Dinas Perhubungan,Rungkut,Belanja Perjalanan Dinas,Pengadaan Seragam Pegawai,4651638743,3909064831,-742573912,84.04,2025,Simulasi SIPD Surabaya 2025,NORMAL
APBD-SURABAYA-2025-0011,2026-06-18 21:42:02,Surabaya,Dinas Lingkungan Hidup,Tenggilis Mejoyo,Belanja Pegawai,Rehabilitasi Jalan Lingkungan,290251661,279300642,-10951019,96.23,2025,Simulasi SIPD Surabaya 2025,NORMAL
APBD-SURABAYA-2025-0012,2026-06-18 21:42:02,Surabaya,Sekretariat Daerah,Rungkut,Belanja Modal,Pembangunan Gedung Kantor,3133418319,2583986159,-549432160,82.47,2025,Simulasi SIPD Surabaya 2025,NORMAL
APBD-SURABAYA-2025-0013,2026-06-18 21:42:02,Surabaya,Dinas Perhubungan,Rungkut,Belanja Hibah,Studi Banding ke Luar Daerah,2560777721,1996715794,-564061927,77.97,2025,Simulasi SIPD Surabaya 2025,NORMAL
APBD-SURABAYA-2025-0014,2026-06-18 21:42:02,Surabaya,Dinas PU Bina Marga,Mulyorejo,Belanja Hibah,Perjalanan Dinas Luar Negeri,4735420248,7200746530,2465326282,152.06,2025,Simulasi SIPD Surabaya 2025,ANOMALI
APBD-SURABAYA-2025-0015,2026-06-18 21:42:02,Surabaya,Dinas Sosial,Kenjeran,Belanja Pegawai,Perjalanan Dinas Luar Negeri,1702563013,1380135800,-322427213,81.06,2025,Simulasi SIPD Surabaya 2025,NORMAL
APBD-SURABAYA-2025-0016,2026-06-18 21:42:02,Surabaya,Sekretariat Daerah,Tambaksari,Belanja Modal,Pembangunan Drainase,2802909971,2230119517,-572790454,79.56,2025,Simulasi SIPD Surabaya 2025,NORMAL
APBD-SURABAYA-2025-0017,2026-06-18 21:42:02,Surabaya,Dinas Sosial,Kenjeran,Belanja Hibah,Rehabilitasi Jalan Lingkungan,3322602734,2152664041,-1169938693,64.79,2025,Simulasi SIPD Surabaya 2025,NORMAL
APBD-SURABAYA-2025-0018,2026-06-18 21:42:02,Surabaya,Dinas Kependudukan,Tambaksari,Belanja Hibah,Pelatihan SDM Aparatur,706439677,595331242,-111108435,84.27,2025,Simulasi SIPD Surabaya 2025,NORMAL
APBD-SURABAYA-2025-0019,2026-06-18 21:42:02,Surabaya,Dinas Sosial,Wonokromo,Belanja Pegawai,Rehabilitasi Jalan Lingkungan,2148545541,1640073643,-508471898,76.33,2025,Simulasi SIPD Surabaya 2025,NORMAL
APBD-SURABAYA-2025-0020,2026-06-18 21:42:02,Surabaya,Dinas Kesehatan,Kenjeran,Belanja Barang & Jasa,Pembangunan Gedung Kantor,4117116918,7964931199,3847814281,193.46,2025,Simulasi SIPD Surabaya 2025,ANOMALI
APBD-SURABAYA-2025-0021,2026-06-18 21:42:02,Surabaya,Dinas Kependudukan,Semampir,Belanja Perjalanan Dinas,Rehabilitasi Jalan Lingkungan,2883608204,1944437576,-939170628,67.43,2025,Simulasi SIPD Surabaya 2025,NORMAL
APBD-SURABAYA-2025-0022,2026-06-18 21:42:02,Surabaya,BPBD,Bulak,Belanja Hibah,Studi Banding ke Luar Daerah,3012958940,2348741701,-664217239,77.95,2025,Simulasi SIPD Surabaya 2025,NORMAL
APBD-SURABAYA-2025-0023,2026-06-18 21:42:02,Surabaya,Dinas Pariwisata,Kenjeran,Belanja Barang & Jasa,Pengadaan Peralatan Medis,569709079,428500133,-141208946,75.21,2025,Simulasi SIPD Surabaya 2025,NORMAL
APBD-SURABAYA-2025-0024,2026-06-18 21:42:02,Surabaya,Dinas Perhubungan,Gubeng,Belanja Pegawai,Pelatihan SDM Aparatur,995826486,2085473024,1089646538,209.42,2025,Simulasi SIPD Surabaya 2025,ANOMALI
APBD-SURABAYA-2025-0025,2026-06-18 21:42:02,Surabaya,Dinas Perhubungan,Kenjeran,Belanja Barang & Jasa,Pengadaan Peralatan Medis,4649297299,4189202839,-460094460,90.1,2025,Simulasi SIPD Surabaya 2025,NORMAL
APBD-SURABAYA-2025-0026,2026-06-18 21:42:02,Surabaya,Dinas Lingkungan Hidup,Wonokromo,Belanja Pegawai,Perjalanan Dinas Luar Negeri,2524810179,2052261212,-472548967,81.28,2025,Simulasi SIPD Surabaya 2025,NORMAL
APBD-SURABAYA-2025-0027,2026-06-18 21:42:02,Surabaya,Dinas Pendidikan,Gubeng,Belanja Pegawai,Pengadaan Seragam Pegawai,2880309370,2261031403,-619277967,78.5,2025,Simulasi SIPD Surabaya 2025,NORMAL
APBD-SURABAYA-2025-0028,2026-06-18 21:42:02,Surabaya,Dinas Perhubungan,Wonokromo,Belanja Hibah,Studi Banding ke Luar Daerah,3177653547,2062840735,-1114812812,64.92,2025,Simulasi SIPD Surabaya 2025,NORMAL
APBD-SURABAYA-2025-0029,2026-06-18 21:42:02,Surabaya,Dinas Kesehatan,Bulak,Belanja Hibah,Perjalanan Dinas Luar Negeri,652078388,526998427,-125079961,80.82,2025,Simulasi SIPD Surabaya 2025,NORMAL
APBD-SURABAYA-2025-0030,2026-06-18 21:42:02,Surabaya,Dinas Kesehatan,Wonokromo,Belanja Barang & Jasa,Pengadaan Seragam Pegawai,4562242520,4453717780,-108524740,97.62,2025,Simulasi SIPD Surabaya 2025,NORMAL
APBD-SURABAYA-2025-0031,2026-06-18 21:42:02,Surabaya,Dinas Pendidikan,Rungkut,Belanja Perjalanan Dinas,Pengadaan Alat Tulis Kantor,2135812759,1666933793,-468878966,78.05,2025,Simulasi SIPD Surabaya 2025,NORMAL
APBD-SURABAYA-2025-0032,2026-06-18 21:42:02,Surabaya,Sekretariat Daerah,Tenggilis Mejoyo,Belanja Perjalanan Dinas,Pembangunan Drainase,4281869256,4079901065,-201968191,95.28,2025,Simulasi SIPD Surabaya 2025,NORMAL
APBD-SURABAYA-2025-0033,2026-06-18 21:42:02,Surabaya,Dinas Pendidikan,Semampir,Belanja Hibah,Pengadaan Alat Tulis Kantor,2140237817,1493811953,-646425864,69.8,2025,Simulasi SIPD Surabaya 2025,NORMAL
APBD-SURABAYA-2025-0034,2026-06-18 21:42:02,Surabaya,Dinas Kependudukan,Kenjeran,Belanja Barang & Jasa,Pengadaan Alat Tulis Kantor,3262530587,6664029818,3401499231,204.26,2025,Simulasi SIPD Surabaya 2025,ANOMALI
APBD-SURABAYA-2025-0035,2026-06-18 21:42:02,Surabaya,Dinas Perhubungan,Mulyorejo,Belanja Pegawai,Pengadaan Peralatan Medis,4689043411,4068991496,-620051915,86.78,2025,Simulasi SIPD Surabaya 2025,NORMAL
APBD-SURABAYA-2025-0036,2026-06-18 21:42:02,Surabaya,Dinas Pariwisata,Semampir,Belanja Hibah,Pelatihan SDM Aparatur,2603440342,2053206380,-550233962,78.87,2025,Simulasi SIPD Surabaya 2025,NORMAL
APBD-SURABAYA-2025-0037,2026-06-18 21:42:02,Surabaya,Dinas Perhubungan,Tenggilis Mejoyo,Belanja Perjalanan Dinas,Pembangunan Gedung Kantor,4064532821,3748662978,-315869843,92.23,2025,Simulasi SIPD Surabaya 2025,NORMAL
APBD-SURABAYA-2025-0038,2026-06-18 21:42:02,Surabaya,Dinas Kesehatan,Tambaksari,Belanja Perjalanan Dinas,Pengadaan Peralatan Medis,1338477634,1255945793,-82531841,93.83,2025,Simulasi SIPD Surabaya 2025,NORMAL
APBD-SURABAYA-2025-0039,2026-06-18 21:42:02,Surabaya,Dinas Sosial,Rungkut,Belanja Modal,Perjalanan Dinas Luar Negeri,4328201677,7074314684,2746113007,163.45,2025,Simulasi SIPD Surabaya 2025,ANOMALI
APBD-SURABAYA-2025-0040,2026-06-18 21:42:02,Surabaya,Dinas Kependudukan,Tenggilis Mejoyo,Belanja Hibah,Pembangunan Drainase,3826436931,2567485895,-1258951036,67.1,2025,Simulasi SIPD Surabaya 2025,NORMAL
APBD-SURABAYA-2025-0041,2026-06-18 21:42:02,Surabaya,Dinas Kesehatan,Rungkut,Belanja Modal,Perjalanan Dinas Luar Negeri,4378567280,3217022871,-1161544409,73.47,2025,Simulasi SIPD Surabaya 2025,NORMAL
APBD-SURABAYA-2025-0042,2026-06-18 21:42:02,Surabaya,Dinas Sosial,Semampir,Belanja Barang & Jasa,Pelatihan SDM Aparatur,3871286999,2593574761,-1277712238,67.0,2025,Simulasi SIPD Surabaya 2025,NORMAL
APBD-SURABAYA-2025-0043,2026-06-18 21:42:02,Surabaya,Dinas Kesehatan,Mulyorejo,Belanja Modal,Pengadaan Alat Tulis Kantor,2148228320,2106867773,-41360547,98.07,2025,Simulasi SIPD Surabaya 2025,NORMAL
APBD-SURABAYA-2025-0044,2026-06-18 21:42:02,Surabaya,Dinas Sosial,Rungkut,Belanja Perjalanan Dinas,Pembangunan Drainase,65228622,57838285,-7390337,88.67,2025,Simulasi SIPD Surabaya 2025,NORMAL
APBD-SURABAYA-2025-0045,2026-06-18 21:42:02,Surabaya,Dinas PU Bina Marga,Kenjeran,Belanja Pegawai,Pelatihan SDM Aparatur,3080818620,2003589582,-1077229038,65.03,2025,Simulasi SIPD Surabaya 2025,NORMAL
APBD-SURABAYA-2025-0046,2026-06-18 21:42:02,Surabaya,Dinas Pendidikan,Sukolilo,Belanja Barang & Jasa,Rehabilitasi Jalan Lingkungan,686057975,506802179,-179255796,73.87,2025,Simulasi SIPD Surabaya 2025,NORMAL
APBD-SURABAYA-2025-0047,2026-06-18 21:42:02,Surabaya,Dinas Lingkungan Hidup,Semampir,Belanja Barang & Jasa,Rehabilitasi Jalan Lingkungan,2914457210,2482964777,-431492433,85.19,2025,Simulasi SIPD Surabaya 2025,NORMAL
APBD-SURABAYA-2025-0048,2026-06-18 21:42:02,Surabaya,Dinas Lingkungan Hidup,Tambaksari,Belanja Barang & Jasa,Pelatihan SDM Aparatur,3763453204,3631157564,-132295640,96.48,2025,Simulasi SIPD Surabaya 2025,NORMAL
APBD-SURABAYA-2025-0049,2026-06-18 21:42:02,Surabaya,Dinas Lingkungan Hidup,Tambaksari,Belanja Perjalanan Dinas,Rehabilitasi Jalan Lingkungan,1115870178,1021663044,-94207134,91.56,2025,Simulasi SIPD Surabaya 2025,NORMAL
APBD-SURABAYA-2025-0050,2026-06-18 21:42:02,Surabaya,Dinas Perhubungan,Wonokromo,Belanja Pegawai,Rehabilitasi Jalan Lingkungan,3994720882,3871848746,-122872136,96.92,2025,Simulasi SIPD Surabaya 2025,NORMAL
APBD-SURABAYA-2025-0051,2026-06-18 21:42:02,Surabaya,Dinas Sosial,Sukolilo,Belanja Hibah,Pengadaan Seragam Pegawai,1761398352,1111863932,-649534420,63.12,2025,Simulasi SIPD Surabaya 2025,NORMAL
APBD-SURABAYA-2025-0052,2026-06-18 21:42:02,Surabaya,Dinas Pariwisata,Tenggilis Mejoyo,Belanja Pegawai,Perjalanan Dinas Luar Negeri,168543408,120937789,-47605619,71.75,2025,Simulasi SIPD Surabaya 2025,NORMAL
APBD-SURABAYA-2025-0053,2026-06-18 21:42:02,Surabaya,Dinas Lingkungan Hidup,Semampir,Belanja Hibah,Perjalanan Dinas Luar Negeri,2612254028,2491809996,-120444032,95.39,2025,Simulasi SIPD Surabaya 2025,NORMAL
APBD-SURABAYA-2025-0054,2026-06-18 21:42:02,Surabaya,Dinas Pendidikan,Kenjeran,Belanja Hibah,Rehabilitasi Jalan Lingkungan,2526426797,2321668438,-204758359,91.9,2025,Simulasi SIPD Surabaya 2025,NORMAL
APBD-SURABAYA-2025-0055,2026-06-18 21:42:02,Surabaya,BPBD,Semampir,Belanja Modal,Perjalanan Dinas Luar Negeri,1614319318,3439567944,1825248626,213.07,2025,Simulasi SIPD Surabaya 2025,ANOMALI
APBD-SURABAYA-2025-0056,2026-06-18 21:42:02,Surabaya,Dinas PU Bina Marga,Wonokromo,Belanja Perjalanan Dinas,Pengadaan Seragam Pegawai,1804034197,1322437961,-481596236,73.3,2025,Simulasi SIPD Surabaya 2025,NORMAL
APBD-SURABAYA-2025-0057,2026-06-18 21:42:02,Surabaya,Dinas Kependudukan,Tambaksari,Belanja Modal,Pengadaan Kendaraan Dinas,3927520294,2888406209,-1039114085,73.54,2025,Simulasi SIPD Surabaya 2025,NORMAL
APBD-SURABAYA-2025-0058,2026-06-18 21:42:02,Surabaya,BPBD,Bulak,Belanja Perjalanan Dinas,Studi Banding ke Luar Daerah,952727745,831729136,-120998609,87.3,2025,Simulasi SIPD Surabaya 2025,NORMAL
APBD-SURABAYA-2025-0059,2026-06-18 21:42:02,Surabaya,Dinas PU Bina Marga,Gubeng,Belanja Modal,Pembangunan Drainase,2951796894,2825403694,-126393200,95.72,2025,Simulasi SIPD Surabaya 2025,NORMAL
APBD-SURABAYA-2025-0060,2026-06-18 21:42:02,Surabaya,Dinas Perhubungan,Tenggilis Mejoyo,Belanja Barang & Jasa,Rehabilitasi Jalan Lingkungan,2709704908,6631188844,3921483936,244.72,2025,Simulasi SIPD Surabaya 2025,ANOMALI
APBD-SURABAYA-2025-0061,2026-06-18 21:42:02,Surabaya,Dinas Pariwisata,Gubeng,Belanja Perjalanan Dinas,Pengadaan Seragam Pegawai,682880459,1695134393,1012253934,248.23,2025,Simulasi SIPD Surabaya 2025,ANOMALI
APBD-SURABAYA-2025-0062,2026-06-18 21:42:02,Surabaya,Dinas Lingkungan Hidup,Wonokromo,Belanja Barang & Jasa,Pengadaan Alat Tulis Kantor,2522487690,1949354044,-573133646,77.28,2025,Simulasi SIPD Surabaya 2025,NORMAL
APBD-SURABAYA-2025-0063,2026-06-18 21:42:02,Surabaya,Dinas Kependudukan,Bulak,Belanja Pegawai,Pembangunan Drainase,3853044105,2691268511,-1161775594,69.85,2025,Simulasi SIPD Surabaya 2025,NORMAL
APBD-SURABAYA-2025-0064,2026-06-18 21:42:02,Surabaya,Dinas Kependudukan,Kenjeran,Belanja Hibah,Pelatihan SDM Aparatur,3693576871,3548188343,-145388528,96.06,2025,Simulasi SIPD Surabaya 2025,NORMAL
APBD-SURABAYA-2025-0065,2026-06-18 21:42:02,Surabaya,Dinas Kependudukan,Mulyorejo,Belanja Hibah,Studi Banding ke Luar Daerah,3878645201,3582600944,-296044257,92.37,2025,Simulasi SIPD Surabaya 2025,NORMAL
APBD-SURABAYA-2025-0066,2026-06-18 21:42:02,Surabaya,Dinas Sosial,Wonokromo,Belanja Modal,Pembangunan Drainase,3903479481,3175884554,-727594927,81.36,2025,Simulasi SIPD Surabaya 2025,NORMAL
APBD-SURABAYA-2025-0067,2026-06-18 21:42:02,Surabaya,Dinas Perhubungan,Tenggilis Mejoyo,Belanja Modal,Pelatihan SDM Aparatur,1077553177,992529046,-85024131,92.11,2025,Simulasi SIPD Surabaya 2025,NORMAL
APBD-SURABAYA-2025-0068,2026-06-18 21:42:02,Surabaya,Dinas PU Bina Marga,Wonokromo,Belanja Pegawai,Pengadaan Seragam Pegawai,396078411,305917451,-90160960,77.24,2025,Simulasi SIPD Surabaya 2025,NORMAL
APBD-SURABAYA-2025-0069,2026-06-18 21:42:02,Surabaya,Dinas Perhubungan,Mulyorejo,Belanja Perjalanan Dinas,Pengadaan Peralatan Medis,1800625978,1417269835,-383356143,78.71,2025,Simulasi SIPD Surabaya 2025,NORMAL
APBD-SURABAYA-2025-0070,2026-06-18 21:42:02,Surabaya,Sekretariat Daerah,Tambaksari,Belanja Modal,Pengadaan Kendaraan Dinas,4428856390,3804656276,-624200114,85.91,2025,Simulasi SIPD Surabaya 2025,NORMAL
APBD-SURABAYA-2025-0071,2026-06-18 21:42:02,Surabaya,Dinas Lingkungan Hidup,Kenjeran,Belanja Hibah,Pengadaan Peralatan Medis,3286151037,3381592865,95441828,102.9,2025,Simulasi SIPD Surabaya 2025,NORMAL
APBD-SURABAYA-2025-0072,2026-06-18 21:42:02,Surabaya,Sekretariat Daerah,Tambaksari,Belanja Perjalanan Dinas,Pelatihan SDM Aparatur,3906070374,2823389265,-1082681109,72.28,2025,Simulasi SIPD Surabaya 2025,NORMAL
APBD-SURABAYA-2025-0073,2026-06-18 21:42:02,Surabaya,Dinas PU Bina Marga,Semampir,Belanja Hibah,Pengadaan Alat Tulis Kantor,3477995190,3402270707,-75724483,97.82,2025,Simulasi SIPD Surabaya 2025,NORMAL
APBD-SURABAYA-2025-0074,2026-06-18 21:42:02,Surabaya,Dinas Kesehatan,Mulyorejo,Belanja Barang & Jasa,Studi Banding ke Luar Daerah,3945229819,3544196776,-401033043,89.83,2025,Simulasi SIPD Surabaya 2025,NORMAL
APBD-SURABAYA-2025-0075,2026-06-18 21:42:02,Surabaya,Sekretariat Daerah,Sukolilo,Belanja Modal,Pengadaan Seragam Pegawai,830520225,620654989,-209865236,74.73,2025,Simulasi SIPD Surabaya 2025,NORMAL
APBD-SURABAYA-2025-0076,2026-06-18 21:42:02,Surabaya,Dinas Kependudukan,Tambaksari,Belanja Modal,Rehabilitasi Jalan Lingkungan,1860607153,1510139610,-350467543,81.16,2025,Simulasi SIPD Surabaya 2025,NORMAL
APBD-SURABAYA-2025-0077,2026-06-18 21:42:02,Surabaya,Dinas Pendidikan,Wonokromo,Belanja Barang & Jasa,Pengadaan Alat Tulis Kantor,2842347639,2539039570,-303308069,89.33,2025,Simulasi SIPD Surabaya 2025,NORMAL
APBD-SURABAYA-2025-0078,2026-06-18 21:42:02,Surabaya,Dinas Kesehatan,Semampir,Belanja Barang & Jasa,Studi Banding ke Luar Daerah,2718616333,2210513675,-508102658,81.31,2025,Simulasi SIPD Surabaya 2025,NORMAL
APBD-SURABAYA-2025-0079,2026-06-18 21:42:02,Surabaya,Dinas Pariwisata,Gubeng,Belanja Barang & Jasa,Pengadaan Kendaraan Dinas,3054179184,2063113659,-991065525,67.55,2025,Simulasi SIPD Surabaya 2025,NORMAL
APBD-SURABAYA-2025-0080,2026-06-18 21:42:02,Surabaya,Dinas Lingkungan Hidup,Mulyorejo,Belanja Barang & Jasa,Perjalanan Dinas Luar Negeri,4809247893,8383254742,3574006849,174.32,2025,Simulasi SIPD Surabaya 2025,ANOMALI
APBD-SURABAYA-2025-0081,2026-06-18 21:42:02,Surabaya,Dinas Pariwisata,Gubeng,Belanja Hibah,Pengadaan Alat Tulis Kantor,1093030161,804155633,-288874528,73.57,2025,Simulasi SIPD Surabaya 2025,NORMAL
APBD-SURABAYA-2025-0082,2026-06-18 21:42:02,Surabaya,Dinas Lingkungan Hidup,Bulak,Belanja Pegawai,Pengadaan Seragam Pegawai,1641589823,1237026624,-404563199,75.36,2025,Simulasi SIPD Surabaya 2025,NORMAL
APBD-SURABAYA-2025-0083,2026-06-18 21:42:02,Surabaya,Dinas PU Bina Marga,Mulyorejo,Belanja Barang & Jasa,Pembangunan Drainase,4176551191,4063443042,-113108149,97.29,2025,Simulasi SIPD Surabaya 2025,NORMAL
APBD-SURABAYA-2025-0084,2026-06-18 21:42:02,Surabaya,Dinas Sosial,Sukolilo,Belanja Barang & Jasa,Perjalanan Dinas Luar Negeri,2126605983,1975535714,-151070269,92.9,2025,Simulasi SIPD Surabaya 2025,NORMAL
APBD-SURABAYA-2025-0085,2026-06-18 21:42:02,Surabaya,Dinas Lingkungan Hidup,Sukolilo,Belanja Pegawai,Studi Banding ke Luar Daerah,1986179853,1701028659,-285151194,85.64,2025,Simulasi SIPD Surabaya 2025,NORMAL
APBD-SURABAYA-2025-0086,2026-06-18 21:42:02,Surabaya,Dinas Sosial,Sukolilo,Belanja Modal,Pengadaan Peralatan Medis,3704814605,2576527886,-1128286719,69.55,2025,Simulasi SIPD Surabaya 2025,NORMAL
APBD-SURABAYA-2025-0087,2026-06-18 21:42:02,Surabaya,Dinas Lingkungan Hidup,Bulak,Belanja Hibah,Rehabilitasi Jalan Lingkungan,4388565994,2802212756,-1586353238,63.85,2025,Simulasi SIPD Surabaya 2025,NORMAL
APBD-SURABAYA-2025-0088,2026-06-18 21:42:02,Surabaya,Dinas Pendidikan,Gubeng,Belanja Modal,Rehabilitasi Jalan Lingkungan,3016144543,2475861366,-540283177,82.09,2025,Simulasi SIPD Surabaya 2025,NORMAL
APBD-SURABAYA-2025-0089,2026-06-18 21:42:02,Surabaya,Dinas Kependudukan,Kenjeran,Belanja Modal,Pengadaan Seragam Pegawai,1094987715,838825416,-256162299,76.61,2025,Simulasi SIPD Surabaya 2025,NORMAL
APBD-SURABAYA-2025-0090,2026-06-18 21:42:02,Surabaya,Dinas Sosial,Tenggilis Mejoyo,Belanja Barang & Jasa,Perjalanan Dinas Luar Negeri,2413900493,1941223456,-472677037,80.42,2025,Simulasi SIPD Surabaya 2025,NORMAL
APBD-SURABAYA-2025-0091,2026-06-18 21:42:02,Surabaya,Dinas PU Bina Marga,Wonokromo,Belanja Barang & Jasa,Studi Banding ke Luar Daerah,3147892639,2941065007,-206827632,93.43,2025,Simulasi SIPD Surabaya 2025,NORMAL
APBD-SURABAYA-2025-0092,2026-06-18 21:42:02,Surabaya,Dinas Sosial,Wonokromo,Belanja Modal,Pembangunan Gedung Kantor,2613196714,2547037794,-66158920,97.47,2025,Simulasi SIPD Surabaya 2025,NORMAL
APBD-SURABAYA-2025-0093,2026-06-18 21:42:02,Surabaya,Dinas Pendidikan,Tambaksari,Belanja Hibah,Pengadaan Kendaraan Dinas,1348229437,885735954,-462493483,65.7,2025,Simulasi SIPD Surabaya 2025,NORMAL
APBD-SURABAYA-2025-0094,2026-06-18 21:42:02,Surabaya,Dinas Pendidikan,Semampir,Belanja Modal,Studi Banding ke Luar Daerah,4887333570,4011989707,-875343863,82.09,2025,Simulasi SIPD Surabaya 2025,NORMAL
APBD-SURABAYA-2025-0095,2026-06-18 21:42:02,Surabaya,Dinas Sosial,Bulak,Belanja Pegawai,Perjalanan Dinas Luar Negeri,2106061866,2178666115,72604249,103.45,2025,Simulasi SIPD Surabaya 2025,NORMAL
APBD-SURABAYA-2025-0096,2026-06-18 21:42:02,Surabaya,Dinas Pendidikan,Rungkut,Belanja Barang & Jasa,Pengadaan Peralatan Medis,1771025347,3705676217,1934650870,209.24,2025,Simulasi SIPD Surabaya 2025,ANOMALI
APBD-SURABAYA-2025-0097,2026-06-18 21:42:02,Surabaya,Dinas Kependudukan,Mulyorejo,Belanja Hibah,Pengadaan Peralatan Medis,4126463610,6903615093,2777151483,167.3,2025,Simulasi SIPD Surabaya 2025,ANOMALI
APBD-SURABAYA-2025-0098,2026-06-18 21:42:02,Surabaya,Dinas Pariwisata,Mulyorejo,Belanja Modal,Pengadaan Peralatan Medis,2294431947,1833766115,-460665832,79.92,2025,Simulasi SIPD Surabaya 2025,NORMAL
APBD-SURABAYA-2025-0099,2026-06-18 21:42:02,Surabaya,Dinas Perhubungan,Wonokromo,Belanja Modal,Perjalanan Dinas Luar Negeri,2717292043,2535342677,-181949366,93.3,2025,Simulasi SIPD Surabaya 2025,NORMAL
APBD-SURABAYA-2025-0100,2026-06-18 21:42:02,Surabaya,Dinas Pendidikan,Mulyorejo,Belanja Perjalanan Dinas,Pengadaan Peralatan Medis,724555072,459207927,-265347145,63.38,2025,Simulasi SIPD Surabaya 2025,NORMAL
APBD-SURABAYA-2025-0101,2026-06-18 21:42:02,Surabaya,Dinas Sosial,Bulak,Belanja Pegawai,Rehabilitasi Jalan Lingkungan,2068258729,3551025218,1482766489,171.69,2025,Simulasi SIPD Surabaya 2025,ANOMALI
APBD-SURABAYA-2025-0102,2026-06-18 21:42:02,Surabaya,Dinas Perhubungan,Mulyorejo,Belanja Pegawai,Pembangunan Drainase,4018167735,3541115203,-477052532,88.13,2025,Simulasi SIPD Surabaya 2025,NORMAL
APBD-SURABAYA-2025-0103,2026-06-18 21:42:02,Surabaya,Dinas Pendidikan,Rungkut,Belanja Modal,Pengadaan Peralatan Medis,4984871872,3309986469,-1674885403,66.4,2025,Simulasi SIPD Surabaya 2025,NORMAL
APBD-SURABAYA-2025-0104,2026-06-18 21:42:02,Surabaya,Dinas Lingkungan Hidup,Tenggilis Mejoyo,Belanja Hibah,Pembangunan Drainase,1289573053,1173389092,-116183961,90.99,2025,Simulasi SIPD Surabaya 2025,NORMAL
APBD-SURABAYA-2025-0105,2026-06-18 21:42:02,Surabaya,Dinas Lingkungan Hidup,Sukolilo,Belanja Hibah,Pengadaan Kendaraan Dinas,2170834317,3134352317,963518000,144.38,2025,Simulasi SIPD Surabaya 2025,ANOMALI
APBD-SURABAYA-2025-0106,2026-06-18 21:42:02,Surabaya,Dinas Pariwisata,Semampir,Belanja Pegawai,Pengadaan Kendaraan Dinas,161088881,145533214,-15555667,90.34,2025,Simulasi SIPD Surabaya 2025,NORMAL
APBD-SURABAYA-2025-0107,2026-06-18 21:42:02,Surabaya,Dinas Kependudukan,Bulak,Belanja Modal,Pembangunan Gedung Kantor,2524961963,1714034643,-810927320,67.88,2025,Simulasi SIPD Surabaya 2025,NORMAL
APBD-SURABAYA-2025-0108,2026-06-18 21:42:02,Surabaya,Dinas Lingkungan Hidup,Sukolilo,Belanja Modal,Perjalanan Dinas Luar Negeri,3547155420,2878533215,-668622205,81.15,2025,Simulasi SIPD Surabaya 2025,NORMAL
APBD-SURABAYA-2025-0109,2026-06-18 21:42:02,Surabaya,Dinas Sosial,Mulyorejo,Belanja Hibah,Pengadaan Alat Tulis Kantor,3733935600,3405921131,-328014469,91.22,2025,Simulasi SIPD Surabaya 2025,NORMAL
APBD-SURABAYA-2025-0110,2026-06-18 21:42:02,Surabaya,Dinas Lingkungan Hidup,Kenjeran,Belanja Pegawai,Pembangunan Drainase,2003462417,1493527546,-509934871,74.55,2025,Simulasi SIPD Surabaya 2025,NORMAL
APBD-SURABAYA-2025-0111,2026-06-18 21:42:02,Surabaya,Dinas Pariwisata,Bulak,Belanja Perjalanan Dinas,Pengadaan Alat Tulis Kantor,2034173309,4007897764,1973724455,197.03,2025,Simulasi SIPD Surabaya 2025,ANOMALI
APBD-SURABAYA-2025-0112,2026-06-18 21:42:02,Surabaya,Sekretariat Daerah,Bulak,Belanja Pegawai,Pengadaan Alat Tulis Kantor,924275988,940407138,16131150,101.75,2025,Simulasi SIPD Surabaya 2025,NORMAL
APBD-SURABAYA-2025-0113,2026-06-18 21:42:02,Surabaya,Dinas Kesehatan,Wonokromo,Belanja Pegawai,Studi Banding ke Luar Daerah,730229045,619608935,-110620110,84.85,2025,Simulasi SIPD Surabaya 2025,NORMAL
APBD-SURABAYA-2025-0114,2026-06-18 21:42:02,Surabaya,Dinas Sosial,Kenjeran,Belanja Modal,Pengadaan Seragam Pegawai,4117594934,2755852785,-1361742149,66.93,2025,Simulasi SIPD Surabaya 2025,NORMAL
APBD-SURABAYA-2025-0115,2026-06-18 21:42:02,Surabaya,Dinas Kependudukan,Rungkut,Belanja Perjalanan Dinas,Rehabilitasi Jalan Lingkungan,3635112032,2579762336,-1055349696,70.97,2025,Simulasi SIPD Surabaya 2025,NORMAL
APBD-SURABAYA-2025-0116,2026-06-18 21:42:02,Surabaya,Dinas Lingkungan Hidup,Sukolilo,Belanja Hibah,Pengadaan Kendaraan Dinas,3826677517,2771705886,-1054971631,72.43,2025,Simulasi SIPD Surabaya 2025,NORMAL
APBD-SURABAYA-2025-0117,2026-06-18 21:42:02,Surabaya,Dinas Pariwisata,Semampir,Belanja Perjalanan Dinas,Pembangunan Gedung Kantor,3574233168,2624738600,-949494568,73.44,2025,Simulasi SIPD Surabaya 2025,NORMAL
APBD-SURABAYA-2025-0118,2026-06-18 21:42:02,Surabaya,Dinas Lingkungan Hidup,Bulak,Belanja Modal,Rehabilitasi Jalan Lingkungan,2130230418,2009430813,-120799605,94.33,2025,Simulasi SIPD Surabaya 2025,NORMAL
APBD-SURABAYA-2025-0119,2026-06-18 21:42:02,Surabaya,BPBD,Bulak,Belanja Perjalanan Dinas,Pengadaan Seragam Pegawai,1694847276,1330198838,-364648438,78.48,2025,Simulasi SIPD Surabaya 2025,NORMAL
APBD-SURABAYA-2025-0120,2026-06-18 21:42:02,Surabaya,Dinas Pariwisata,Sukolilo,Belanja Pegawai,Studi Banding ke Luar Daerah,703287375,461926758,-241360617,65.68,2025,Simulasi SIPD Surabaya 2025,NORMAL
APBD-SURABAYA-2025-0121,2026-06-18 21:42:02,Surabaya,Dinas PU Bina Marga,Mulyorejo,Belanja Barang & Jasa,Perjalanan Dinas Luar Negeri,4773225778,2896901364,-1876324414,60.69,2025,Simulasi SIPD Surabaya 2025,NORMAL
APBD-SURABAYA-2025-0122,2026-06-18 21:42:02,Surabaya,Dinas Kesehatan,Sukolilo,Belanja Hibah,Pengadaan Seragam Pegawai,4212697889,3840788573,-371909316,91.17,2025,Simulasi SIPD Surabaya 2025,NORMAL
APBD-SURABAYA-2025-0123,2026-06-18 21:42:02,Surabaya,Sekretariat Daerah,Kenjeran,Belanja Pegawai,Pengadaan Peralatan Medis,4147998347,4145291393,-2706954,99.93,2025,Simulasi SIPD Surabaya 2025,NORMAL
APBD-SURABAYA-2025-0124,2026-06-18 21:42:02,Surabaya,Dinas Perhubungan,Gubeng,Belanja Perjalanan Dinas,Perjalanan Dinas Luar Negeri,343864877,348822753,4957876,101.44,2025,Simulasi SIPD Surabaya 2025,NORMAL
APBD-SURABAYA-2025-0125,2026-06-18 21:42:02,Surabaya,Dinas Pendidikan,Tambaksari,Belanja Modal,Pengadaan Alat Tulis Kantor,481675310,353915623,-127759687,73.48,2025,Simulasi SIPD Surabaya 2025,NORMAL
APBD-SURABAYA-2025-0126,2026-06-18 21:42:02,Surabaya,Dinas Kependudukan,Mulyorejo,Belanja Hibah,Pembangunan Gedung Kantor,1310005019,871816734,-438188285,66.55,2025,Simulasi SIPD Surabaya 2025,NORMAL
APBD-SURABAYA-2025-0127,2026-06-18 21:42:02,Surabaya,Dinas Pariwisata,Wonokromo,Belanja Perjalanan Dinas,Pengadaan Peralatan Medis,780074215,1839355368,1059281153,235.79,2025,Simulasi SIPD Surabaya 2025,ANOMALI
APBD-SURABAYA-2025-0128,2026-06-18 21:42:02,Surabaya,Dinas Sosial,Tambaksari,Belanja Perjalanan Dinas,Pengadaan Kendaraan Dinas,664685938,474778387,-189907551,71.43,2025,Simulasi SIPD Surabaya 2025,NORMAL
APBD-SURABAYA-2025-0129,2026-06-18 21:42:02,Surabaya,Dinas Pariwisata,Tenggilis Mejoyo,Belanja Perjalanan Dinas,Pengadaan Kendaraan Dinas,728500147,550385161,-178114986,75.55,2025,Simulasi SIPD Surabaya 2025,NORMAL
APBD-SURABAYA-2025-0130,2026-06-18 21:42:02,Surabaya,Dinas Kesehatan,Wonokromo,Belanja Perjalanan Dinas,Pengadaan Peralatan Medis,1347602688,1326042333,-21560355,98.4,2025,Simulasi SIPD Surabaya 2025,NORMAL
APBD-SURABAYA-2025-0131,2026-06-18 21:42:02,Surabaya,Dinas Lingkungan Hidup,Tenggilis Mejoyo,Belanja Pegawai,Pengadaan Peralatan Medis,3053380792,7062595930,4009215138,231.3,2025,Simulasi SIPD Surabaya 2025,ANOMALI
APBD-SURABAYA-2025-0132,2026-06-18 21:42:02,Surabaya,Dinas Sosial,Wonokromo,Belanja Hibah,Pelatihan SDM Aparatur,4231592277,3957924495,-273667782,93.53,2025,Simulasi SIPD Surabaya 2025,NORMAL
APBD-SURABAYA-2025-0133,2026-06-18 21:42:02,Surabaya,Dinas Pendidikan,Tenggilis Mejoyo,Belanja Perjalanan Dinas,Pengadaan Alat Tulis Kantor,4932429638,10309783757,5377354119,209.02,2025,Simulasi SIPD Surabaya 2025,ANOMALI
APBD-SURABAYA-2025-0134,2026-06-18 21:42:02,Surabaya,Dinas Sosial,Sukolilo,Belanja Perjalanan Dinas,Pembangunan Gedung Kantor,2539250532,1626542369,-912708163,64.06,2025,Simulasi SIPD Surabaya 2025,NORMAL
APBD-SURABAYA-2025-0135,2026-06-18 21:42:02,Surabaya,BPBD,Kenjeran,Belanja Hibah,Pengadaan Kendaraan Dinas,912407093,907304245,-5102848,99.44,2025,Simulasi SIPD Surabaya 2025,NORMAL
APBD-SURABAYA-2025-0136,2026-06-18 21:42:02,Surabaya,Sekretariat Daerah,Tenggilis Mejoyo,Belanja Modal,Perjalanan Dinas Luar Negeri,3616852761,3512363388,-104489373,97.11,2025,Simulasi SIPD Surabaya 2025,NORMAL
APBD-SURABAYA-2025-0137,2026-06-18 21:42:02,Surabaya,Dinas Lingkungan Hidup,Kenjeran,Belanja Modal,Perjalanan Dinas Luar Negeri,373408297,261955857,-111452440,70.15,2025,Simulasi SIPD Surabaya 2025,NORMAL
APBD-SURABAYA-2025-0138,2026-06-18 21:42:02,Surabaya,Sekretariat Daerah,Sukolilo,Belanja Modal,Pengadaan Peralatan Medis,3445953188,6858237825,3412284637,199.02,2025,Simulasi SIPD Surabaya 2025,ANOMALI
APBD-SURABAYA-2025-0139,2026-06-18 21:42:02,Surabaya,Dinas Pariwisata,Kenjeran,Belanja Modal,Pengadaan Peralatan Medis,1645467139,1336390145,-309076994,81.22,2025,Simulasi SIPD Surabaya 2025,NORMAL
APBD-SURABAYA-2025-0140,2026-06-18 21:42:02,Surabaya,Dinas Sosial,Mulyorejo,Belanja Pegawai,Pembangunan Gedung Kantor,4616482405,4659066857,42584452,100.92,2025,Simulasi SIPD Surabaya 2025,NORMAL
APBD-SURABAYA-2025-0141,2026-06-18 21:42:02,Surabaya,Dinas Kesehatan,Gubeng,Belanja Barang & Jasa,Pembangunan Drainase,4539730356,11328988407,6789258051,249.55,2025,Simulasi SIPD Surabaya 2025,ANOMALI
APBD-SURABAYA-2025-0142,2026-06-18 21:42:02,Surabaya,Dinas Kependudukan,Mulyorejo,Belanja Hibah,Pembangunan Gedung Kantor,632672654,570492825,-62179829,90.17,2025,Simulasi SIPD Surabaya 2025,NORMAL
APBD-SURABAYA-2025-0143,2026-06-18 21:42:02,Surabaya,Dinas Pariwisata,Mulyorejo,Belanja Modal,Pengadaan Alat Tulis Kantor,3852823261,3757126403,-95696858,97.52,2025,Simulasi SIPD Surabaya 2025,NORMAL
APBD-SURABAYA-2025-0144,2026-06-18 21:42:02,Surabaya,Dinas Perhubungan,Sukolilo,Belanja Pegawai,Pelatihan SDM Aparatur,3014732879,2412127380,-602605499,80.01,2025,Simulasi SIPD Surabaya 2025,NORMAL
APBD-SURABAYA-2025-0145,2026-06-18 21:42:02,Surabaya,Dinas Kesehatan,Bulak,Belanja Pegawai,Rehabilitasi Jalan Lingkungan,1590492440,1090145551,-500346889,68.54,2025,Simulasi SIPD Surabaya 2025,NORMAL
APBD-SURABAYA-2025-0146,2026-06-18 21:42:02,Surabaya,Dinas PU Bina Marga,Semampir,Belanja Barang & Jasa,Perjalanan Dinas Luar Negeri,141729577,100572158,-41157419,70.96,2025,Simulasi SIPD Surabaya 2025,NORMAL
APBD-SURABAYA-2025-0147,2026-06-18 21:42:02,Surabaya,Dinas Perhubungan,Sukolilo,Belanja Barang & Jasa,Pengadaan Peralatan Medis,2430304322,2347367371,-82936951,96.59,2025,Simulasi SIPD Surabaya 2025,NORMAL
APBD-SURABAYA-2025-0148,2026-06-18 21:42:02,Surabaya,Dinas PU Bina Marga,Kenjeran,Belanja Modal,Pembangunan Gedung Kantor,62178595,41355579,-20823016,66.51,2025,Simulasi SIPD Surabaya 2025,NORMAL
APBD-SURABAYA-2025-0149,2026-06-18 21:42:02,Surabaya,BPBD,Wonokromo,Belanja Hibah,Pelatihan SDM Aparatur,4817097358,3175967459,-1641129899,65.93,2025,Simulasi SIPD Surabaya 2025,NORMAL
APBD-SURABAYA-2025-0150,2026-06-18 21:42:02,Surabaya,Dinas Lingkungan Hidup,Kenjeran,Belanja Pegawai,Perjalanan Dinas Luar Negeri,117779246,77385834,-40393412,65.7,2025,Simulasi SIPD Surabaya 2025,NORMAL
